{
    "_id": "60684c7489dba819083338d2",
    "index": 0,
    "guid": "0d35b6c6-cf40-4f68-8ab8-82b34857f78f",
    "isActive": false,
    "balance": "$2,681.91",
    "picture": "http://placehold.it/32x32",
    "age": 39,
    "eyeColor": "green",
    "name": "Martin Spencer",
    "gender": "male",
    "company": "VERTON",
    "email": "martinspencer@verton.com",
    "phone": "+1 (974) 431-2606",
    "address": "466 Duffield Street, Rossmore, West Virginia, 778",
    "about": "Cillum et aliquip laboris dolore aliquip laboris excepteur nisi aliqua ullamco elit amet. Elit aliquip tempor exercitation nostrud esse in magna fugiat ipsum. Magna do cupidatat excepteur proident minim magna pariatur mollit ut incididunt. Est nulla in esse aliquip qui fugiat. Mollit non sint commodo est eiusmod occaecat. Incididunt ad aute adipisicing et do aliquip.\r\n",
    "registered": "2016-10-06T11:33:28 -03:00",
    "latitude": 29.923877,
    "longitude": -177.917715,
    "tags": [
        "eu",
        "nulla",
        "veniam",
        "exercitation",
        "elit",
        "aliqua",
        "incididunt"
    ],
    "friends": [
        {
            "id": 0,
            "name": "Lara Payne"
        },
        {
            "id": 1,
            "name": "Cook Bonner"
        },
        {
            "id": 2,
            "name": "Mamie Maldonado"
        }
    ],
    "greeting": "Hello, Martin Spencer! You have 7 unread messages.",
    "favoriteFruit": "strawberry"
}