[
  {
    "_id": "60684c7489dba819083338d2",
    "index": 0,
    "guid": "0d35b6c6-cf40-4f68-8ab8-82b34857f78f",
    "isActive": false,
    "balance": "$2,681.91",
    "picture": "http://placehold.it/32x32",
    "age": 39,
    "eyeColor": "green",
    "name": "Martin Spencer",
    "gender": "male",
    "company": "VERTON",
    "email": "martinspencer@verton.com",
    "phone": "+1 (974) 431-2606",
    "address": "466 Duffield Street, Rossmore, West Virginia, 778",
    "about": "Cillum et aliquip laboris dolore aliquip laboris excepteur nisi aliqua ullamco elit amet. Elit aliquip tempor exercitation nostrud esse in magna fugiat ipsum. Magna do cupidatat excepteur proident minim magna pariatur mollit ut incididunt. Est nulla in esse aliquip qui fugiat. Mollit non sint commodo est eiusmod occaecat. Incididunt ad aute adipisicing et do aliquip.\r\n",
    "registered": "2016-10-06T11:33:28 -03:00",
    "latitude": 29.923877,
    "longitude": -177.917715,
    "tags": [
      "eu",
      "nulla",
      "veniam",
      "exercitation",
      "elit",
      "aliqua",
      "incididunt"
    ],
    "friends": [
      {
        "id": 0,
        "name": "Lara Payne"
      },
      {
        "id": 1,
        "name": "Cook Bonner"
      },
      {
        "id": 2,
        "name": "Mamie Maldonado"
      }
    ],
    "greeting": "Hello, Martin Spencer! You have 7 unread messages.",
    "favoriteFruit": "strawberry"
  },
  {
    "_id": "60684c74661a216410a00264",
    "index": 1,
    "guid": "303eccaa-1321-4031-85a3-3101e466bfc7",
    "isActive": true,
    "balance": "$1,462.96",
    "picture": "http://placehold.it/32x32",
    "age": 27,
    "eyeColor": "green",
    "name": "Farrell Lang",
    "gender": "male",
    "company": "GEEKOSIS",
    "email": "farrelllang@geekosis.com",
    "phone": "+1 (817) 596-3253",
    "address": "488 Creamer Street, Deseret, Federated States Of Micronesia, 8267",
    "about": "Sunt sit velit culpa anim voluptate mollit elit. Minim nostrud dolore incididunt dolor occaecat adipisicing. Fugiat voluptate consectetur est est id. Enim consectetur tempor Lorem reprehenderit voluptate officia minim amet veniam culpa.\r\n",
    "registered": "2017-01-27T11:48:15 -03:00",
    "latitude": -4.812479,
    "longitude": -54.518869,
    "tags": [
      "labore",
      "nulla",
      "reprehenderit",
      "aliquip",
      "elit",
      "labore",
      "non"
    ],
    "friends": [
      {
        "id": 0,
        "name": "Savage Chavez"
      },
      {
        "id": 1,
        "name": "Julianne Franco"
      },
      {
        "id": 2,
        "name": "Hernandez Goodwin"
      }
    ],
    "greeting": "Hello, Farrell Lang! You have 4 unread messages.",
    "favoriteFruit": "banana"
  },
  {
    "_id": "60684c74cf4c3989d045a372",
    "index": 2,
    "guid": "46a8e015-03bb-4784-84fd-43ade7a8c339",
    "isActive": true,
    "balance": "$1,582.81",
    "picture": "http://placehold.it/32x32",
    "age": 34,
    "eyeColor": "green",
    "name": "Flossie Glass",
    "gender": "female",
    "company": "OMNIGOG",
    "email": "flossieglass@omnigog.com",
    "phone": "+1 (869) 570-2885",
    "address": "456 Juliana Place, Williamson, Guam, 6951",
    "about": "Laboris voluptate eiusmod Lorem elit quis do consequat. Ut et consectetur excepteur ullamco aliquip mollit. Proident in id consequat ullamco ad qui sint magna eiusmod. Enim sint anim velit minim ullamco. Anim minim aliqua enim aliquip veniam ullamco. Incididunt sit exercitation id ad adipisicing non fugiat deserunt exercitation veniam anim. Reprehenderit duis ex consequat aliqua.\r\n",
    "registered": "2015-11-02T03:00:10 -03:00",
    "latitude": 81.445979,
    "longitude": 106.918838,
    "tags": [
      "culpa",
      "eiusmod",
      "consequat",
      "sit",
      "eiusmod",
      "Lorem",
      "labore"
    ],
    "friends": [
      {
        "id": 0,
        "name": "Doyle Macdonald"
      },
      {
        "id": 1,
        "name": "Michele Berger"
      },
      {
        "id": 2,
        "name": "Shari Flowers"
      }
    ],
    "greeting": "Hello, Flossie Glass! You have 8 unread messages.",
    "favoriteFruit": "strawberry"
  },
  {
    "_id": "60684c7444093552d3eae005",
    "index": 3,
    "guid": "11cfc30f-a85a-4512-a6d9-812ddabf7381",
    "isActive": false,
    "balance": "$3,174.14",
    "picture": "http://placehold.it/32x32",
    "age": 30,
    "eyeColor": "brown",
    "name": "Workman Reeves",
    "gender": "male",
    "company": "BIOHAB",
    "email": "workmanreeves@biohab.com",
    "phone": "+1 (947) 427-2514",
    "address": "874 Dictum Court, Walton, Texas, 3114",
    "about": "Incididunt ea ipsum dolore sunt sint anim aliqua. Cillum laboris voluptate enim ullamco. Consectetur amet esse pariatur elit in veniam. Et qui irure reprehenderit aliquip duis eu excepteur ad aute adipisicing consequat minim fugiat aliquip.\r\n",
    "registered": "2015-03-05T10:31:21 -03:00",
    "latitude": 62.710304,
    "longitude": -64.332049,
    "tags": [
      "fugiat",
      "sunt",
      "sint",
      "minim",
      "ex",
      "ut",
      "ad"
    ],
    "friends": [
      {
        "id": 0,
        "name": "Helga Parker"
      },
      {
        "id": 1,
        "name": "Lauri Osborne"
      },
      {
        "id": 2,
        "name": "Christina Serrano"
      }
    ],
    "greeting": "Hello, Workman Reeves! You have 3 unread messages.",
    "favoriteFruit": "strawberry"
  },
  {
    "_id": "60684c74d4cc6e2271431ae3",
    "index": 4,
    "guid": "66c9052c-99b7-4bf3-b28b-d43a2d756691",
    "isActive": false,
    "balance": "$1,372.10",
    "picture": "http://placehold.it/32x32",
    "age": 25,
    "eyeColor": "blue",
    "name": "Dianna Myers",
    "gender": "female",
    "company": "BIOSPAN",
    "email": "diannamyers@biospan.com",
    "phone": "+1 (940) 541-3996",
    "address": "643 President Street, Kenmar, Ohio, 1088",
    "about": "Aute ullamco tempor ex sit anim amet nisi excepteur laboris adipisicing sint. Aute exercitation commodo ullamco labore sit est anim occaecat culpa. In culpa ullamco consequat reprehenderit ad proident in laboris consequat amet.\r\n",
    "registered": "2015-05-08T03:17:15 -03:00",
    "latitude": 11.054106,
    "longitude": -43.168041,
    "tags": [
      "dolore",
      "dolor",
      "proident",
      "adipisicing",
      "veniam",
      "mollit",
      "consectetur"
    ],
    "friends": [
      {
        "id": 0,
        "name": "Delaney Knox"
      },
      {
        "id": 1,
        "name": "Warren Frazier"
      },
      {
        "id": 2,
        "name": "Castaneda Craft"
      }
    ],
    "greeting": "Hello, Dianna Myers! You have 1 unread messages.",
    "favoriteFruit": "strawberry"
  },
  {
    "_id": "60684c744b0fab161aa08604",
    "index": 5,
    "guid": "84b4a982-7778-492e-8027-e38091177dda",
    "isActive": false,
    "balance": "$2,538.90",
    "picture": "http://placehold.it/32x32",
    "age": 36,
    "eyeColor": "brown",
    "name": "Connie Hensley",
    "gender": "female",
    "company": "REPETWIRE",
    "email": "conniehensley@repetwire.com",
    "phone": "+1 (886) 505-2168",
    "address": "278 Grove Place, Reinerton, Virgin Islands, 3858",
    "about": "Laboris nostrud do sint cupidatat laborum esse quis. Exercitation ut elit commodo culpa adipisicing nulla officia eiusmod non. Eu amet reprehenderit esse deserunt nulla exercitation exercitation aliquip est labore aliquip elit elit officia.\r\n",
    "registered": "2021-02-04T05:41:12 -03:00",
    "latitude": 45.74825,
    "longitude": -174.258089,
    "tags": [
      "aliqua",
      "sint",
      "non",
      "incididunt",
      "deserunt",
      "nostrud",
      "culpa"
    ],
    "friends": [
      {
        "id": 0,
        "name": "Shepherd Stanley"
      },
      {
        "id": 1,
        "name": "Taylor Harrington"
      },
      {
        "id": 2,
        "name": "Murray Livingston"
      }
    ],
    "greeting": "Hello, Connie Hensley! You have 10 unread messages.",
    "favoriteFruit": "banana"
  },
  {
    "_id": "60684c741c5fa8ddf623cb0e",
    "index": 6,
    "guid": "3b2acc57-c30f-4d7e-84ff-c277bb110794",
    "isActive": false,
    "balance": "$2,159.33",
    "picture": "http://placehold.it/32x32",
    "age": 26,
    "eyeColor": "blue",
    "name": "Leann Jordan",
    "gender": "female",
    "company": "UTARIAN",
    "email": "leannjordan@utarian.com",
    "phone": "+1 (936) 473-2888",
    "address": "391 Richardson Street, Witmer, Alabama, 4533",
    "about": "Enim culpa deserunt enim sint veniam ut cupidatat in ipsum est. Ipsum Lorem tempor adipisicing quis adipisicing ex aute eiusmod veniam in eu. Anim sit labore velit exercitation exercitation labore ullamco nisi veniam ullamco Lorem. Nisi reprehenderit sit excepteur consequat ut aute anim et reprehenderit. Irure sunt culpa mollit consequat esse incididunt nulla. Esse enim Lorem adipisicing eiusmod nostrud officia in adipisicing.\r\n",
    "registered": "2019-05-13T09:07:37 -03:00",
    "latitude": 1.917998,
    "longitude": -131.829496,
    "tags": [
      "occaecat",
      "cillum",
      "ut",
      "dolor",
      "sint",
      "nisi",
      "id"
    ],
    "friends": [
      {
        "id": 0,
        "name": "Merritt Chase"
      },
      {
        "id": 1,
        "name": "Dawn Holmes"
      },
      {
        "id": 2,
        "name": "Hinton Dillon"
      }
    ],
    "greeting": "Hello, Leann Jordan! You have 8 unread messages.",
    "favoriteFruit": "apple"
  }
]